mRNA,GC%,Length
AUGUCAAAAGGCGAAGAAUUGUUCACGGGCGUUGUGCCAAUUCUCGUAGAACUGGAUGGAGAUGUCAAUGGACACAAGUUUAGUGUGUCCGGGGAAGGCGAAGGCGAUGCAACAUAUGGAAAAUUAACACUAAAGUUCAUAUGCACAACUGGGAAGCUGCCUGUGCCUUGGCCUACACUCGUCACGACA,47.61904761904762,189
AUGAGUAAGGGUGAAGAACUAUUCACAGGGGUGGUACCAAUCUUAGUUGAGUUGGAUGGCGACGUGAACGGCCAUAAGUUCUCCGUAAGCGGGGAAGGCGAGGGUGAUGCUACAUAUGGCAAAUUAACUCUAAAAUUCAUAUGCACUACCGGCAAGCUGCCUGUCCCGUGGCCUACCCUGGUUACGACG,50.264550264550266,189
AUGUCUAAAGGGGAGGAAUUGUUCACGGGAGUCGUCCCUAUAUUGGUUGAACUAGAUGGGGAUGUCAACGGGCACAAGUUUUCGGUAUCCGGAGAGGGGGAGGGGGACGCAACUUAUGGAAAGCUAACCUUAAAGUUCAUAUGCACCACAGGGAAAUUACCCGUCCCUUGGCCAACGCUGGUUACCACC,50.79365079365079,189
AUGUCGAAAGGAGAAGAGCUGUUCACAGGCGUGGUUCCUAUACUGGUAGAACUUGAUGGCGACGUCAAUGGGCAUAAAUUUAGUGUAUCCGGGGAGGGCGAAGGAGACGCAACAUAUGGCAAACUAACUCUCAAGUUCAUCUGUACUACUGGAAAGUUGCCAGUGCCAUGGCCAACUCUAGUUACUACU,47.08994708994709,189
AUGUCAAAGGGAGAGGAAUUGUUCACGGGUGUGGUCCCCAUUUUGGUCGAGCUAGAUGGCGACGUUAAUGGUCAUAAGUUUUCAGUAUCGGGGGAAGGCGAGGGAGACGCAACCUACGGGAAACUGACUCUCAAGUUCAUAUGUACCACUGGCAAGUUGCCAGUCCCUUGGCCUACCUUAGUUACUACG,50.264550264550266,189
AUGUCUAAGGGAGAAGAGUUGUUCACAGGCGUGGUACCGAUACUAGUCGAGCUUGACGGUGAUGUCAAUGGCCAUAAAUUCAGCGUUUCAGGGGAAGGUGAAGGCGACGCCACGUACGGUAAGCUUACACUAAAGUUUAUAUGUACGACUGGAAAGCUGCCUGUGCCGUGGCCGACGCUGGUCACAACU,50.79365079365079,189
AUGAGCAAAGGCGAAGAACUUUUCACCGGGGUGGUGCCGAUUCUGGUAGAACUGGACGGGGAUGUAAACGGGCAUAAAUUCAGCGUGUCUGGUGAAGGCGAAGGAGAUGCCACCUAUGGGAAGCUUACUUUAAAAUUUAUUUGUACGACGGGCAAGCUACCGGUGCCUUGGCCGACACUGGUAACAACC,50.79365079365079,189
AUGUCGAAGGGGGAGGAGCUAUUUACUGGUGUCGUGCCGAUUUUAGUUGAGUUGGACGGAGAUGUGAAUGGUCACAAAUUUUCAGUUUCAGGGGAAGGGGAAGGGGACGCGACGUACGGAAAAUUAACUCUCAAGUUUAUAUGUACCACGGGUAAAUUACCAGUCCCAUGGCCUACGCUCGUUACGACA,47.61904761904762,189
AUGUCGAAGGGAGAGGAGCUGUUUACCGGAGUGGUUCCGAUUCUGGUUGAACUCGAUGGUGACGUGAACGGACAUAAGUUUAGUGUCAGUGGGGAAGGGGAGGGGGAUGCAACUUAUGGAAAACUAACGCUCAAGUUUAUCUGUACCACGGGGAAAUUACCUGUUCCUUGGCCUACUCUUGUAACGACC,49.20634920634921,189
AUGUCUAAGGGGGAGGAACUAUUCACUGGAGUGGUGCCCAUACUCGUUGAACUAGAUGGGGACGUCAAUGGACAUAAAUUUUCUGUCUCGGGAGAAGGGGAAGGUGACGCCACAUAUGGAAAGCUCACUUUAAAGUUUAUUUGUACAACCGGGAAACUACCAGUGCCGUGGCCCACGUUGGUCACGACA,48.67724867724868,189
